{"great": [0.5682557965917353, 0.1769376699229998, 0.18993643512543756, -0.2780914082047977, -0.8753156815199817, -0.14616440151329263, 0.23939092249734445, -0.31070291720579224, 0.6199832095634386, 0.16617984462002242], "cool": [0.5641256072125872, 0.13722982658305444, 0.2082364803517175, -0.2929695723456364, -0.8704480862547578, -0.18822962799771015, 0.24239616047158674, -0.29410091959922546, 0.6979644655991716, 0.2147529764765611], "brilliant": [0.5918855018013451, 0.10397786927770168, 0.1812540983279816, -0.3249417806914038, -0.8565376508947541, -0.17966721391513168, 0.26035098164719006, -0.3289324465724494, 0.6604228461904657, 0.24158225625024785], "wonderful": [0.5336813277875315, 0.1588452360731218, 0.2651843805368253, -0.3438927762710059, -0.8491692008120084, -0.1861321742254195, 0.26724085300405015, -0.31809103059724775, 0.658104175743785, 0.20044434983351087], "well": [0.5893339401809651, 0.17311813201184956, 0.2690965641747973, -0.30740190098292836, -0.850039005260469, -0.18871896996247897, 0.2710112190336242, -0.300242150264492, 0.5689872204434445, 0.15369399612858045], "amazing": [0.5902038867844644, 0.14902291975965973, 0.21315969705653706, -0.3142264603667905, -0.9096476218964346, -0.17471907820831545, 0.27440977619393625, -0.2878009614247629, 0.6262885326051715, 0.214741729727147], "worth": [0.5130535106477787, 0.12034173054704313, 0.19587383631804153, -0.31643691396240436, -0.860629577270505, -0.15101162886733988, 0.2211324171610086, -0.2697235895062946, 0.6690196658223424, 0.16036078186161512], "sweet": [0.5503643010832924, 0.17143189756236132, 0.19039362530118084, -0.32242095517315994, -0.8138360944646924, -0.18346270853248325, 0.2327193885980578, -0.2626053000415245, 0.625720356811847, 0.2487194300767544], "enjoyable": [0.5738392051934843, 0.12461914284456158, 0.1751071727787398, -0.33024605280163605, -0.7874929465033425, -0.17067349112504737, 0.24587717337924983, -0.28375949976958237, 0.6546620471931931, 0.2348916423233692], "boring": [0.5240450095785573, 0.15703282247734576, 0.1848657881235244, -0.2990130048224248, -0.8831747584261088, -0.18115865274114748, 0.22235910278043802, -0.317568822680314, 0.5988034434028019, 0.17092555144264826], "bad": [0.5360316771649711, 0.08934057914047376, 0.22010265910609397, -0.30958468615269735, -0.880954886853036, -0.14538972298246006, 0.21710437130796897, -0.23807251098545698, 0.6330703998035979, 0.24369857228293254], "dumb": [0.5707119169157069, 0.13801450767761775, 0.2641854971871884, -0.2713492816853866, -0.8090819545573588, -0.11288020342381062, 0.2872690197930901, -0.320419567490873, 0.6057968690648794, 0.1795797734455588], "annoying": [0.5804388073936804, 0.10213080454123977, 0.1751046716523363, -0.330174200637894, -0.8168968873432684, -0.20307898062832583, 0.21580541902126038, -0.2610116632102947, 0.6339996308459201, 0.20636140785935558], "female": [0.6029723815239835, 0.16789318536724746, 0.22520087305967568, -0.2887330648792561, -0.914615719505456, -0.2206997036383445, 0.2238454978107194, -0.27169214724889107, 0.6634932978039564, 0.2320323110106518], "male": [0.6188443180311552, 0.17591224836567168, 0.22018040161594699, -0.3645633008007947, -0.9461854369906791, -0.13322604657914647, 0.2991505531133827, -0.3486196050483816, 0.7441098161765463, 0.19775997097206294], "queen": [0.5765894647154782, 0.13192743667861653, 0.2580232704526747, -0.3298032082698652, -0.8289942700272944, -0.19274329913687585, 0.2370984325616216, -0.24203150503481508, 0.5713084097409641, 0.1429892253760584], "king": [0.5560732564209727, 0.17646154128213576, 0.28312342344954783, -0.33671288553906037, -0.9461014688342689, -0.12648395065859477, 0.3061218131559218, -0.33188197122441765, 0.6792991341085511, 0.19131773485838036], "man": [0.6051631423709494, 0.17830144563644143, 0.22784621923285925, -0.2961178922019528, -0.9034636471542418, -0.1455665043390459, 0.20202598684749795, -0.2637285354241914, 0.6768741056545698, 0.21429225917611786], "woman": [0.5439297636260636, 0.10716810158149422, 0.19338139148668104, -0.30638888462724034, -0.9005115497465597, -0.19854245727352382, 0.28882419764825357, -0.31693694288027685, 0.6655769452543201, 0.24864052935984082], "rain": [0.6298504912050585, 0.1230163538085278, 0.22052743188216314, -0.30417388056281774, -0.8506257387146209, -0.17339694916358048, 0.22410525920744057, -0.34460525006932224, 0.7252580609208235, 0.2424684465932567], "snow": [0.571658674146897, 0.16715752620553284, 0.2811586315804149, -0.29761757148365736, -0.9075508328669516, -0.1816726267719763, 0.2339708351704251, -0.2998148033711087, 0.7592476519212541, 0.2640055409419275], "hail": [0.42533821691139195, 0.13804553783748322, 0.2117743056507608, -0.19519807837970898, -0.6816567081869009, -0.10307706377540066, 0.150719901731784, -0.2165401966104437, 0.5309049787787798, 0.11659360626879128], "coffee": [0.5362156564666706, 0.18498536534428103, 0.24044513781837565, -0.25154795848531813, -0.7585156275603342, -0.14980862202505735, 0.2525722902250096, -0.24267753083317814, 0.6620631212565934, 0.2250460836189863], "tea": [0.5401340524210243, 0.17011330010004372, 0.167389541887491, -0.3114928291060685, -0.7716667733777047, -0.17544733406998533, 0.26496092587065895, -0.2519735205989731, 0.6384983316665089, 0.20143552944512613]}